Time,Arb
'-0:0:0.0,778
'0:0:0.05,769
'0:0:0.1,763
'0:0:0.15,754
'0:0:0.2,736
'0:0:0.25,723
'0:0:0.3,714
'0:0:0.35,710
'0:0:0.4,708
'0:0:0.45,707
'0:0:0.5,703
'0:0:0.55,699
'0:0:0.6,695
'0:0:0.65,693
'0:0:0.7,690
'0:0:0.75,689
'0:0:0.8,687
'0:0:0.85,684
'0:0:0.9,683
'0:0:0.95,682
'0:0:1.0,680
'0:0:1.05,679
'0:0:1.1,678
'0:0:1.15,672
'0:0:1.2,668
'0:0:1.25,673
'0:0:1.3,683
'0:0:1.35,695
'0:0:1.4,710
'0:0:1.45,725
'0:0:1.5,743
'0:0:1.55,761
'0:0:1.6,781
'0:0:1.65,798
'0:0:1.7,815
'0:0:1.75,828
'0:0:1.8,841
'0:0:1.85,851
'0:0:1.9,864
'0:0:1.95,876
'0:0:2.0,887
'0:0:2.05,898
'0:0:2.1,910
'0:0:2.15,915
'0:0:2.2,909
'0:0:2.25,902
'0:0:2.3,901
'0:0:2.35,909
'0:0:2.4,921
'0:0:2.45,926
'0:0:2.5,927
'0:0:2.55,927
'0:0:2.6,930
'0:0:2.65,935
'0:0:2.7,940
'0:0:2.75,947
'0:0:2.8,957
'0:0:2.85,967
'0:0:2.9,978
'0:0:2.95,987
'0:0:3.0,996
'0:0:3.05,1002
'0:0:3.1,1006
'0:0:3.15,1011
'0:0:3.2,1009
'0:0:3.25,1000
'0:0:3.3,994
'0:0:3.35,995
'0:0:3.4,1001
'0:0:3.45,1010
'0:0:3.5,1014
'0:0:3.55,1015
'0:0:3.6,1015
'0:0:3.65,1007
'0:0:3.7,994
'0:0:3.75,979
'0:0:3.8,964
'0:0:3.85,950
'0:0:3.9,936
'0:0:3.95,924
'0:0:4.0,911
'0:0:4.05,899
'0:0:4.1,884
'0:0:4.15,872
'0:0:4.2,860
'0:0:4.25,844
'0:0:4.3,819
'0:0:4.35,801
'0:0:4.4,788
'0:0:4.45,781
'0:0:4.5,778
'0:0:4.55,776
'0:0:4.6,776
'0:0:4.65,774
'0:0:4.7,767
'0:0:4.75,760
'0:0:4.8,752
'0:0:4.85,747
'0:0:4.9,741
'0:0:4.95,736
'0:0:5.0,730
'0:0:5.05,725
'0:0:5.1,720
'0:0:5.15,716
'0:0:5.2,710
'0:0:5.25,704
'0:0:5.3,700
'0:0:5.35,691
'0:0:5.4,677
'0:0:5.45,668
'0:0:5.5,664
'0:0:5.55,665
'0:0:5.6,667
'0:0:5.65,666
'0:0:5.7,664
'0:0:5.75,661
'0:0:5.8,657
'0:0:5.85,654
'0:0:5.9,652
'0:0:5.95,650
'0:0:6.0,649
'0:0:6.05,648
'0:0:6.1,649
'0:0:6.15,654
'0:0:6.2,660
'0:0:6.25,669
'0:0:6.3,678
'0:0:6.35,687
'0:0:6.4,698
'0:0:6.45,701
'0:0:6.5,701
'0:0:6.55,707
'0:0:6.6,722
'0:0:6.65,741
'0:0:6.7,761
'0:0:6.75,777
'0:0:6.8,794
'0:0:6.85,811
'0:0:6.9,827
'0:0:6.95,842
'0:0:7.0,857
'0:0:7.05,871
'0:0:7.1,886
'0:0:7.15,899
'0:0:7.2,911
'0:0:7.25,921
'0:0:7.3,931
'0:0:7.35,940
'0:0:7.4,950
'0:0:7.45,956
'0:0:7.5,956
'0:0:7.55,949
'0:0:7.6,940
'0:0:7.65,939
'0:0:7.7,949
'0:0:7.75,963
'0:0:7.8,975
'0:0:7.85,984
'0:0:7.9,988
'0:0:7.95,985
'0:0:8.0,979
'0:0:8.05,980
'0:0:8.1,986
'0:0:8.15,994
'0:0:8.2,1004
'0:0:8.25,1016
'0:0:8.3,1037
'0:0:8.35,1059
'0:0:8.4,1078
'0:0:8.45,1093
'0:0:8.5,1103
'0:0:8.55,1104
'0:0:8.6,1090
'0:0:8.65,1074
'0:0:8.7,1061
'0:0:8.75,1052
'0:0:8.8,1043
'0:0:8.85,1033
'0:0:8.9,1022
'0:0:8.95,1013
'0:0:9.0,1003
'0:0:9.05,992
'0:0:9.1,976
'0:0:9.15,964
'0:0:9.2,952
'0:0:9.25,942
'0:0:9.3,931
'0:0:9.35,920
'0:0:9.4,907
'0:0:9.45,892
'0:0:9.5,875
'0:0:9.55,850
'0:0:9.6,815
'0:0:9.65,794
'0:0:9.7,787
'0:0:9.75,783
'0:0:9.8,776
'0:0:9.85,768
'0:0:9.9,757
'0:0:9.95,747
'0:0:10.0,736
'0:0:10.05,727
'0:0:10.1,717
'0:0:10.15,709
'0:0:10.2,702
'0:0:10.25,698
'0:0:10.3,694
'0:0:10.35,690
'0:0:10.4,684
'0:0:10.45,679
'0:0:10.5,675
'0:0:10.55,665
'0:0:10.6,649
'0:0:10.65,639
'0:0:10.7,634
'0:0:10.75,633
'0:0:10.8,635
'0:0:10.85,640
'0:0:10.9,649
'0:0:10.95,659
'0:0:11.0,668
'0:0:11.05,678
'0:0:11.1,691
'0:0:11.15,704
'0:0:11.2,719
'0:0:11.25,735
'0:0:11.3,753
'0:0:11.35,770
'0:0:11.4,787
'0:0:11.45,802
'0:0:11.5,816
'0:0:11.55,822
'0:0:11.6,827
'0:0:11.65,836
'0:0:11.7,849
'0:0:11.75,864
'0:0:11.8,877
'0:0:11.85,888
'0:0:11.9,900
'0:0:11.95,910
'0:0:12.0,918
'0:0:12.05,925
'0:0:12.1,931
'0:0:12.15,935
'0:0:12.2,939
'0:0:12.25,948
'0:0:12.3,961
'0:0:12.35,972
'0:0:12.4,984
'0:0:12.45,993
'0:0:12.5,998
'0:0:12.55,996
'0:0:12.6,991
'0:0:12.65,990
'0:0:12.7,994
'0:0:12.75,1004
'0:0:12.8,1013
'0:0:12.85,1020
'0:0:12.9,1029
'0:0:12.95,1035
'0:0:13.0,1041
'0:0:13.05,1046
'0:0:13.1,1052
'0:0:13.15,1058
'0:0:13.2,1065
'0:0:13.25,1073
'0:0:13.3,1081
'0:0:13.35,1089
'0:0:13.4,1090
'0:0:13.45,1083
'0:0:13.5,1067
'0:0:13.55,1046
'0:0:13.6,1021
'0:0:13.65,1001
'0:0:13.7,985
'0:0:13.75,974
'0:0:13.8,965
'0:0:13.85,953
'0:0:13.9,937
'0:0:13.95,922
'0:0:14.0,907
'0:0:14.05,895
'0:0:14.1,882
'0:0:14.15,871
'0:0:14.2,860
'0:0:14.25,851
'0:0:14.3,840
'0:0:14.35,829
'0:0:14.4,819
'0:0:14.45,809
'0:0:14.5,798
'0:0:14.55,790
'0:0:14.6,779
'0:0:14.65,768
'0:0:14.7,761
'0:0:14.75,757
'0:0:14.8,756
'0:0:14.85,757
'0:0:14.9,752
'0:0:14.95,743
'0:0:15.0,735
'0:0:15.05,729
'0:0:15.1,721
'0:0:15.15,713
'0:0:15.2,705
'0:0:15.25,699
'0:0:15.3,693
'0:0:15.35,689
'0:0:15.4,682
'0:0:15.45,676
'0:0:15.5,671
'0:0:15.55,666
'0:0:15.6,658
'0:0:15.65,653
'0:0:15.7,644
'0:0:15.75,631
'0:0:15.8,621
'0:0:15.85,619
'0:0:15.9,623
'0:0:15.95,634
'0:0:16.0,651
'0:0:16.05,668
'0:0:16.1,686
'0:0:16.15,701
'0:0:16.2,719
'0:0:16.25,736
'0:0:16.3,755
'0:0:16.35,772
'0:0:16.4,792
'0:0:16.45,809
'0:0:16.5,828
'0:0:16.55,847
'0:0:16.6,866
'0:0:16.65,880
'0:0:16.7,892
'0:0:16.75,898
'0:0:16.8,897
'0:0:16.85,897
'0:0:16.9,903
'0:0:16.95,913
'0:0:17.0,928
'0:0:17.05,939
'0:0:17.1,949
'0:0:17.15,959
'0:0:17.2,968
'0:0:17.25,975
'0:0:17.3,983
'0:0:17.35,992
'0:0:17.4,1005
'0:0:17.45,1016
'0:0:17.5,1025
'0:0:17.55,1033
'0:0:17.6,1043
'0:0:17.65,1051
'0:0:17.7,1058
'0:0:17.75,1061
'0:0:17.8,1056
'0:0:17.85,1040
'0:0:17.9,1022
'0:0:17.95,1011
'0:0:18.0,1001
'0:0:18.05,993
'0:0:18.1,982
'0:0:18.15,967
'0:0:18.2,949
'0:0:18.25,932
'0:0:18.3,914
'0:0:18.35,899
'0:0:18.4,883
'0:0:18.45,868
'0:0:18.5,854
'0:0:18.55,843
'0:0:18.6,831
'0:0:18.65,821
'0:0:18.7,812
'0:0:18.75,803
'0:0:18.8,794
'0:0:18.85,786
'0:0:18.9,768
'0:0:18.95,748
'0:0:19.0,734
'0:0:19.05,725
'0:0:19.1,721
'0:0:19.15,721
'0:0:19.2,718
'0:0:19.25,714
'0:0:19.3,711
'0:0:19.35,708
'0:0:19.4,705
'0:0:19.45,702
'0:0:19.5,701
'0:0:19.55,699
'0:0:19.6,697
'0:0:19.65,695
'0:0:19.7,692
'0:0:19.75,690
'0:0:19.8,688
'0:0:19.85,684
'0:0:19.9,680
'0:0:19.95,673
'0:0:20.0,660
'0:0:20.05,650
'0:0:20.1,645
'0:0:20.15,647
'0:0:20.2,653
'0:0:20.25,659
'0:0:20.3,666
'0:0:20.35,673
'0:0:20.4,677
'0:0:20.45,680
'0:0:20.5,684
'0:0:20.55,690
'0:0:20.6,703
'0:0:20.65,719
'0:0:20.7,738
'0:0:20.75,756
'0:0:20.8,775
'0:0:20.85,793
'0:0:20.9,811
'0:0:20.95,827
'0:0:21.0,842
'0:0:21.05,847
'0:0:21.1,849
'0:0:21.15,858
'0:0:21.2,873
'0:0:21.25,889
'0:0:21.3,905
'0:0:21.35,917
'0:0:21.4,929
'0:0:21.45,940
'0:0:21.5,951
'0:0:21.55,962
'0:0:21.6,975
'0:0:21.65,989
'0:0:21.7,1002
'0:0:21.75,1012
'0:0:21.8,1022
'0:0:21.85,1031
'0:0:21.9,1041
'0:0:21.95,1050
'0:0:22.0,1057
'0:0:22.05,1057
'0:0:22.1,1050
'0:0:22.15,1043
'0:0:22.2,1043
'0:0:22.25,1049
'0:0:22.3,1058
'0:0:22.35,1063
'0:0:22.4,1061
'0:0:22.45,1055
'0:0:22.5,1044
'0:0:22.55,1034
'0:0:22.6,1022
'0:0:22.65,1011
'0:0:22.7,998
'0:0:22.75,987
'0:0:22.8,975
'0:0:22.85,964
'0:0:22.9,951
'0:0:22.95,936
'0:0:23.0,921
'0:0:23.05,905
'0:0:23.1,881
'0:0:23.15,859
'0:0:23.2,842
'0:0:23.25,830
'0:0:23.3,822
'0:0:23.35,815
'0:0:23.4,805
'0:0:23.45,797
'0:0:23.5,787
'0:0:23.55,780
'0:0:23.6,772
'0:0:23.65,766
'0:0:23.7,761
'0:0:23.75,755
'0:0:23.8,749
'0:0:23.85,744
'0:0:23.9,738
'0:0:23.95,731
'0:0:24.0,724
'0:0:24.05,716
'0:0:24.1,700
'0:0:24.15,686
'0:0:24.2,677
'0:0:24.25,674
'0:0:24.3,677
'0:0:24.35,682
'0:0:24.4,685
'0:0:24.45,684
'0:0:24.5,680
'0:0:24.55,676
'0:0:24.6,672
'0:0:24.65,668
'0:0:24.7,666
'0:0:24.75,664
'0:0:24.8,662
'0:0:24.85,660
'0:0:24.9,661
'0:0:24.95,664
'0:0:25.0,671
'0:0:25.05,677
'0:0:25.1,680
'0:0:25.15,685
'0:0:25.2,701
'0:0:25.25,721
'0:0:25.3,746
'0:0:25.35,765
'0:0:25.4,783
'0:0:25.45,801
'0:0:25.5,819
'0:0:25.55,835
'0:0:25.6,852
'0:0:25.65,867
'0:0:25.7,883
'0:0:25.75,898
'0:0:25.8,914
'0:0:25.85,930
'0:0:25.9,945
'0:0:25.95,957
'0:0:26.0,969
'0:0:26.05,975
'0:0:26.1,975
'0:0:26.15,976
'0:0:26.2,985
'0:0:26.25,997
'0:0:26.3,1012
'0:0:26.35,1020
'0:0:26.4,1027
'0:0:26.45,1034
'0:0:26.5,1041
'0:0:26.55,1046
'0:0:26.6,1050
'0:0:26.65,1056
'0:0:26.7,1061
'0:0:26.75,1063
'0:0:26.8,1062
'0:0:26.85,1059
'0:0:26.9,1050
'0:0:26.95,1039
'0:0:27.0,1022
'0:0:27.05,998
'0:0:27.1,966
'0:0:27.15,942
'0:0:27.2,924
'0:0:27.25,912
'0:0:27.3,903
'0:0:27.35,893
'0:0:27.4,883
'0:0:27.45,873
'0:0:27.5,861
'0:0:27.55,851
'0:0:27.6,841
'0:0:27.65,832
'0:0:27.7,822
'0:0:27.75,813
'0:0:27.8,804
'0:0:27.85,798
'0:0:27.9,789
'0:0:27.95,780
'0:0:28.0,771
'0:0:28.05,757
'0:0:28.1,737
'0:0:28.15,722
'0:0:28.2,713
'0:0:28.25,710
'0:0:28.3,709
'0:0:28.35,708
'0:0:28.4,705
'0:0:28.45,702
'0:0:28.5,699
'0:0:28.55,697
'0:0:28.6,695
'0:0:28.65,692
'0:0:28.7,689
'0:0:28.75,685
'0:0:28.8,682
'0:0:28.85,678
'0:0:28.9,675
'0:0:28.95,670
'0:0:29.0,664
'0:0:29.05,661
'0:0:29.1,651
'0:0:29.15,640
'0:0:29.2,636
'0:0:29.25,642
'0:0:29.3,657
'0:0:29.35,676
'0:0:29.4,698
'0:0:29.45,718
'0:0:29.5,739
'0:0:29.55,759
'0:0:29.6,779
'0:0:29.65,795
'0:0:29.7,812
'0:0:29.75,829
'0:0:29.8,847
'0:0:29.85,863
'0:0:29.9,878
'0:0:29.95,891
'0:0:30.0,907
'0:0:30.05,919
'0:0:30.1,931
'0:0:30.15,939
'0:0:30.2,939
'0:0:30.25,937
'0:0:30.3,941
'0:0:30.35,948
'0:0:30.4,964
'0:0:30.45,981
'0:0:30.5,995
'0:0:30.55,1006
'0:0:30.6,1020
'0:0:30.65,1036
'0:0:30.7,1052
'0:0:30.75,1065
'0:0:30.8,1078
'0:0:30.85,1087
'0:0:30.9,1097
'0:0:30.95,1104
'0:0:31.0,1103
'0:0:31.05,1094
'0:0:31.1,1077
'0:0:31.15,1057
'0:0:31.2,1034
'0:0:31.25,1014
'0:0:31.3,987
'0:0:31.35,963
'0:0:31.4,944
'0:0:31.45,934
'0:0:31.5,925
'0:0:31.55,908
'0:0:31.6,889
'0:0:31.65,875
'0:0:31.7,860
'0:0:31.75,845
'0:0:31.8,830
'0:0:31.85,820
'0:0:31.9,810
'0:0:31.95,802
'0:0:32.0,797
'0:0:32.05,793
'0:0:32.1,788
'0:0:32.15,779
'0:0:32.2,765
'0:0:32.25,756
'0:0:32.3,741
'0:0:32.35,723
'0:0:32.4,707
'0:0:32.45,699
'0:0:32.5,697
'0:0:32.55,700
'0:0:32.6,699
'0:0:32.65,696
'0:0:32.7,694
'0:0:32.75,691
'0:0:32.8,689
'0:0:32.85,686
'0:0:32.9,681
'0:0:32.95,677
'0:0:33.0,674
'0:0:33.05,669
'0:0:33.1,666
'0:0:33.15,665
'0:0:33.2,667
'0:0:33.25,669
'0:0:33.3,675
'0:0:33.35,683
'0:0:33.4,686
'0:0:33.45,691
'0:0:33.5,706
'0:0:33.55,727
'0:0:33.6,752
'0:0:33.65,774
'0:0:33.7,795
'0:0:33.75,814
'0:0:33.8,834
'0:0:33.85,851
'0:0:33.9,869
'0:0:33.95,885
'0:0:34.0,902
'0:0:34.05,917
'0:0:34.1,933
'0:0:34.15,945
'0:0:34.2,957
'0:0:34.25,970
'0:0:34.3,980
'0:0:34.35,987
'0:0:34.4,991
'0:0:34.45,989
'0:0:34.5,987
'0:0:34.55,994
'0:0:34.6,1005
'0:0:34.65,1019
'0:0:34.7,1033
'0:0:34.75,1042
'0:0:34.8,1049
'0:0:34.85,1052
'0:0:34.9,1055
'0:0:34.95,1059
'0:0:35.0,1063
'0:0:35.05,1069
'0:0:35.1,1076
'0:0:35.15,1079
'0:0:35.2,1079
'0:0:35.25,1078
'0:0:35.3,1071
'0:0:35.35,1059
'0:0:35.4,1041
'0:0:35.45,1018
'0:0:35.5,986
'0:0:35.55,960
'0:0:35.6,939
'0:0:35.65,926
'0:0:35.7,914
'0:0:35.75,900
'0:0:35.8,884
'0:0:35.85,871
'0:0:35.9,859
'0:0:35.95,849
'0:0:36.0,838
'0:0:36.05,828
'0:0:36.1,818
'0:0:36.15,809
'0:0:36.2,800
'0:0:36.25,792
'0:0:36.3,783
'0:0:36.35,772
'0:0:36.4,763
'0:0:36.45,756
'0:0:36.5,742
'0:0:36.55,726
'0:0:36.6,714
'0:0:36.65,709
'0:0:36.7,708
'0:0:36.75,708
'0:0:36.8,706
'0:0:36.85,704
'0:0:36.9,702
'0:0:36.95,701
'0:0:37.0,699
'0:0:37.05,696
'0:0:37.1,694
'0:0:37.15,691
'0:0:37.2,689
'0:0:37.25,688
'0:0:37.3,689
'0:0:37.35,689
'0:0:37.4,688
'0:0:37.45,687
'0:0:37.5,686
'0:0:37.55,684
'0:0:37.6,685
'0:0:37.65,695
'0:0:37.7,714
'0:0:37.75,735
'0:0:37.8,758
'0:0:37.85,778
'0:0:37.9,799
'0:0:37.95,817
'0:0:38.0,834
'0:0:38.05,847
'0:0:38.1,861
'0:0:38.15,874
'0:0:38.2,891
'0:0:38.25,906
'0:0:38.3,923
'0:0:38.35,938
'0:0:38.4,953
'0:0:38.45,965
'0:0:38.5,976
'0:0:38.55,980
'0:0:38.6,981
'0:0:38.65,985
'0:0:38.7,994
'0:0:38.75,1005
'0:0:38.8,1017
'0:0:38.85,1023
'0:0:38.9,1030
'0:0:38.95,1034
'0:0:39.0,1038
'0:0:39.05,1042
'0:0:39.1,1047
'0:0:39.15,1052
'0:0:39.2,1058
'0:0:39.25,1064
'0:0:39.3,1071
'0:0:39.35,1078
'0:0:39.4,1084
'0:0:39.45,1087
'0:0:39.5,1087
'0:0:39.55,1079
'0:0:39.6,1065
'0:0:39.65,1059
'0:0:39.7,1060
'0:0:39.75,1062
'0:0:39.8,1063
'0:0:39.85,1059
'0:0:39.9,1049
'0:0:39.95,1035
'0:0:40.0,1020
'0:0:40.05,1010
'0:0:40.1,1018
'0:0:40.15,1042
'0:0:40.2,1061
'0:0:40.25,1058
'0:0:40.3,1043
'0:0:40.35,1028
'0:0:40.4,1010
'0:0:40.45,993
'0:0:40.5,974
'0:0:40.55,955
'0:0:40.6,932
'0:0:40.65,914
'0:0:40.7,898
'0:0:40.75,887
'0:0:40.8,877
'0:0:40.85,866
'0:0:40.9,854
'0:0:40.95,841
'0:0:41.0,825
'0:0:41.05,812
'0:0:41.1,798
'0:0:41.15,788
'0:0:41.2,777
'0:0:41.25,766
'0:0:41.3,754
'0:0:41.35,742
'0:0:41.4,728
'0:0:41.45,717
'0:0:41.5,704
'0:0:41.55,696
'0:0:41.6,687
'0:0:41.65,672
'0:0:41.7,655
'0:0:41.75,647
'0:0:41.8,640
'0:0:41.85,638
'0:0:41.9,636
'0:0:41.95,636
'0:0:42.0,640
'0:0:42.05,646
'0:0:42.1,655
'0:0:42.15,666
'0:0:42.2,681
'0:0:42.25,697
'0:0:42.3,716
'0:0:42.35,734
'0:0:42.4,755
'0:0:42.45,773
'0:0:42.5,792
'0:0:42.55,808
'0:0:42.6,827
'0:0:42.65,845
'0:0:42.7,862
'0:0:42.75,867
'0:0:42.8,865
'0:0:42.85,871
'0:0:42.9,883
'0:0:42.95,898
'0:0:43.0,914
'0:0:43.05,925
'0:0:43.1,935
'0:0:43.15,945
'0:0:43.2,957
'0:0:43.25,970
'0:0:43.3,984
'0:0:43.35,997
'0:0:43.4,1010
'0:0:43.45,1020
'0:0:43.5,1030
'0:0:43.55,1039
'0:0:43.6,1048
'0:0:43.65,1058
'0:0:43.7,1073
'0:0:43.75,1085
'0:0:43.8,1090
'0:0:43.85,1085
'0:0:43.9,1077
'0:0:43.95,1073
'0:0:44.0,1072
'0:0:44.05,1077
'0:0:44.1,1085
'0:0:44.15,1089
'0:0:44.2,1092
'0:0:44.25,1094
'0:0:44.3,1090
'0:0:44.35,1083
'0:0:44.4,1077
'0:0:44.45,1077
'0:0:44.5,1079
'0:0:44.55,1079
'0:0:44.6,1077
'0:0:44.65,1068
'0:0:44.7,1056
'0:0:44.75,1045
'0:0:44.8,1033
'0:0:44.85,1027
'0:0:44.9,1015
'0:0:44.95,990
'0:0:45.0,965
'0:0:45.05,950
'0:0:45.1,941
'0:0:45.15,935
'0:0:45.2,927
'0:0:45.25,917
'0:0:45.3,907
'0:0:45.35,898
'0:0:45.4,888
'0:0:45.45,876
'0:0:45.5,862
'0:0:45.55,853
'0:0:45.6,841
'0:0:45.65,825
'0:0:45.7,807
'0:0:45.75,794
'0:0:45.8,782
'0:0:45.85,774
'0:0:45.9,764
'0:0:45.95,762
'0:0:46.0,757
'0:0:46.05,742
'0:0:46.1,726
'0:0:46.15,715
'0:0:46.2,706
'0:0:46.25,700
'0:0:46.3,695
'0:0:46.35,691
'0:0:46.4,688
'0:0:46.45,682
'0:0:46.5,676
'0:0:46.55,670
'0:0:46.6,666
'0:0:46.65,663
'0:0:46.7,662
'0:0:46.75,663
'0:0:46.8,669
'0:0:46.85,680
'0:0:46.9,699
'0:0:46.95,720
'0:0:47.0,742
'0:0:47.05,761
'0:0:47.1,771
'0:0:47.15,774
'0:0:47.2,784
'0:0:47.25,799
'0:0:47.3,820
'0:0:47.35,840
'0:0:47.4,858
'0:0:47.45,875
'0:0:47.5,893
'0:0:47.55,908
'0:0:47.6,924
'0:0:47.65,937
'0:0:47.7,951
'0:0:47.75,964
'0:0:47.8,977
'0:0:47.85,989
'0:0:47.9,1002
'0:0:47.95,1013
'0:0:48.0,1023
'0:0:48.05,1031
'0:0:48.1,1037
'0:0:48.15,1036
'0:0:48.2,1031
'0:0:48.25,1030
'0:0:48.3,1034
'0:0:48.35,1042
'0:0:48.4,1053
'0:0:48.45,1059
'0:0:48.5,1065
'0:0:48.55,1070
'0:0:48.6,1077
'0:0:48.65,1084
'0:0:48.7,1091
'0:0:48.75,1098
'0:0:48.8,1105
'0:0:48.85,1113
'0:0:48.9,1124
'0:0:48.95,1134
'0:0:49.0,1140
'0:0:49.05,1139
'0:0:49.1,1132
'0:0:49.15,1120
'0:0:49.2,1097
'0:0:49.25,1073
'0:0:49.3,1051
'0:0:49.35,1032
'0:0:49.4,1018
'0:0:49.45,1007
'0:0:49.5,997
'0:0:49.55,987
'0:0:49.6,975
'0:0:49.65,963
'0:0:49.7,950
'0:0:49.75,939
'0:0:49.8,928
'0:0:49.85,918
'0:0:49.9,908
'0:0:49.95,900
'0:0:50.0,891
'0:0:50.05,882
'0:0:50.1,869
'0:0:50.15,858
'0:0:50.2,842
'0:0:50.25,820
'0:0:50.3,801
'0:0:50.35,790
'0:0:50.4,784
'0:0:50.45,783
'0:0:50.5,780
'0:0:50.55,777
'0:0:50.6,775
'0:0:50.65,771
'0:0:50.7,766
'0:0:50.75,760
'0:0:50.8,753
'0:0:50.85,746
'0:0:50.9,740
'0:0:50.95,735
'0:0:51.0,733
'0:0:51.05,732
'0:0:51.1,728
'0:0:51.15,722
'0:0:51.2,718
'0:0:51.25,709
'0:0:51.3,694
'0:0:51.35,683
'0:0:51.4,676
'0:0:51.45,675
'0:0:51.5,678
'0:0:51.55,683
'0:0:51.6,690
'0:0:51.65,699
'0:0:51.7,711
'0:0:51.75,724
'0:0:51.8,739
'0:0:51.85,754
'0:0:51.9,772
'0:0:51.95,791
'0:0:52.0,811
'0:0:52.05,830
'0:0:52.1,849
'0:0:52.15,866
'0:0:52.2,882
'0:0:52.25,897
'0:0:52.3,911
'0:0:52.35,915
'0:0:52.4,915
'0:0:52.45,920
'0:0:52.5,931
'0:0:52.55,944
'0:0:52.6,959
'0:0:52.65,969
'0:0:52.7,979
'0:0:52.75,986
'0:0:52.8,992
'0:0:52.85,999
'0:0:52.9,1008
'0:0:52.95,1015
'0:0:53.0,1024
'0:0:53.05,1037
'0:0:53.1,1049
'0:0:53.15,1058
'0:0:53.2,1066
'0:0:53.25,1074
'0:0:53.3,1082
'0:0:53.35,1087
'0:0:53.4,1087
'0:0:53.45,1079
'0:0:53.5,1067
'0:0:53.55,1059
'0:0:53.6,1052
'0:0:53.65,1048
'0:0:53.7,1042
'0:0:53.75,1036
'0:0:53.8,1029
'0:0:53.85,1019
'0:0:53.9,1008
'0:0:53.95,998
'0:0:54.0,987
'0:0:54.05,978
'0:0:54.1,972
'0:0:54.15,969
'0:0:54.2,967
'0:0:54.25,961
'0:0:54.3,950
'0:0:54.35,938
'0:0:54.4,925
'0:0:54.45,911
'0:0:54.5,890
'0:0:54.55,865
'0:0:54.6,842
'0:0:54.65,829
'0:0:54.7,821
'0:0:54.75,816
'0:0:54.8,807
'0:0:54.85,799
'0:0:54.9,791
'0:0:54.95,783
'0:0:55.0,776
'0:0:55.05,769
'0:0:55.1,761
'0:0:55.15,754
'0:0:55.2,748
'0:0:55.25,742
'0:0:55.3,736
'0:0:55.35,731
'0:0:55.4,726
'0:0:55.45,720
'0:0:55.5,714
'0:0:55.55,710
'0:0:55.6,697
'0:0:55.65,683
'0:0:55.7,673
'0:0:55.75,668
'0:0:55.8,668
'0:0:55.85,670
'0:0:55.9,670
'0:0:55.95,672
'0:0:56.0,673
'0:0:56.05,674
'0:0:56.1,676
'0:0:56.15,680
'0:0:56.2,691
'0:0:56.25,706
'0:0:56.3,727
'0:0:56.35,747
'0:0:56.4,769
'0:0:56.45,789
'0:0:56.5,811
'0:0:56.55,829
'0:0:56.6,847
'0:0:56.65,859
'0:0:56.7,861
'0:0:56.75,863
'0:0:56.8,873
'0:0:56.85,887
'0:0:56.9,905
'0:0:56.95,918
'0:0:57.0,930
'0:0:57.05,941
'0:0:57.1,953
'0:0:57.15,963
'0:0:57.2,976
'0:0:57.25,988
'0:0:57.3,1002
'0:0:57.35,1013
'0:0:57.4,1022
'0:0:57.45,1028
'0:0:57.5,1034
'0:0:57.55,1037
'0:0:57.6,1042
'0:0:57.65,1047
'0:0:57.7,1048
'0:0:57.75,1043
'0:0:57.8,1036
'0:0:57.85,1036
'0:0:57.9,1041
'0:0:57.95,1050
'0:0:58.0,1057
'0:0:58.05,1062
'0:0:58.1,1067
'0:0:58.15,1070
'0:0:58.2,1071
'0:0:58.25,1071
'0:0:58.3,1067
'0:0:58.35,1061
'0:0:58.4,1053
'0:0:58.45,1046
'0:0:58.5,1039
'0:0:58.55,1031
'0:0:58.6,1019
'0:0:58.65,1005
'0:0:58.7,988
'0:0:58.75,967
'0:0:58.8,935
'0:0:58.85,910
'0:0:58.9,891
'0:0:58.95,881
'0:0:59.0,874
'0:0:59.05,869
'0:0:59.1,862
'0:0:59.15,854
'0:0:59.2,844
'0:0:59.25,833
'0:0:59.3,823
'0:0:59.35,815
'0:0:59.4,805
'0:0:59.45,797
'0:0:59.5,789
'0:0:59.55,782
'0:0:59.6,773
'0:0:59.65,766
'0:0:59.7,760
'0:0:59.75,753
'0:0:59.8,743
'0:0:59.85,728
'0:0:59.9,710
'0:0:59.95,700
'0:0:60.0,692
'0:1:0.05,689
'0:1:0.1,688
'0:1:0.15,686
'0:1:0.2,682
'0:1:0.25,678
'0:1:0.3,675
'0:1:0.35,673
'0:1:0.4,671
'0:1:0.45,670
'0:1:0.5,667
'0:1:0.55,665
'0:1:0.6,664
'0:1:0.65,664
'0:1:0.7,663
'0:1:0.75,663
'0:1:0.8,663
'0:1:0.85,666
'0:1:0.9,673
'0:1:0.95,678
'0:1:1.0,684
'0:1:1.05,696
'0:1:1.1,715
'0:1:1.15,736
'0:1:1.2,760
'0:1:1.25,779
'0:1:1.3,800
'0:1:1.35,818
'0:1:1.4,837
'0:1:1.45,854
'0:1:1.5,871
'0:1:1.55,886
'0:1:1.6,903
'0:1:1.65,919
'0:1:1.7,933
'0:1:1.75,944
'0:1:1.8,954
'0:1:1.85,965
'0:1:1.9,975
'0:1:1.95,985
'0:1:2.0,993
'0:1:2.05,993
'0:1:2.1,988
'0:1:2.15,989
'0:1:2.2,994
'0:1:2.25,1003
'0:1:2.3,1013
'0:1:2.35,1019
'0:1:2.4,1024
'0:1:2.45,1029
'0:1:2.5,1034
'0:1:2.55,1039
'0:1:2.6,1045
'0:1:2.65,1052
'0:1:2.7,1060
'0:1:2.75,1067
'0:1:2.8,1076
'0:1:2.85,1085
'0:1:2.9,1093
'0:1:2.95,1098
'0:1:3.0,1098
'0:1:3.05,1094
'0:1:3.1,1083
'0:1:3.15,1066
'0:1:3.2,1046
'0:1:3.25,1034
'0:1:3.3,1025
'0:1:3.35,1021
'0:1:3.4,1015
'0:1:3.45,1006
'0:1:3.5,991
'0:1:3.55,972
'0:1:3.6,951
'0:1:3.65,935
'0:1:3.7,921
'0:1:3.75,910
'0:1:3.8,900
'0:1:3.85,891
'0:1:3.9,879
'0:1:3.95,867
'0:1:4.0,854
'0:1:4.05,841
'0:1:4.1,830
'0:1:4.15,825
'0:1:4.2,815
'0:1:4.25,797
'0:1:4.3,777
'0:1:4.35,764
'0:1:4.4,757
'0:1:4.45,753
'0:1:4.5,749
'0:1:4.55,744
'0:1:4.6,738
'0:1:4.65,733
'0:1:4.7,731
'0:1:4.75,728
'0:1:4.8,723
'0:1:4.85,718
'0:1:4.9,712
'0:1:4.95,708
'0:1:5.0,704
'0:1:5.05,700
'0:1:5.1,697
'0:1:5.15,694
'0:1:5.2,690
'0:1:5.25,688
'0:1:5.3,679
'0:1:5.35,664
'0:1:5.4,651
'0:1:5.45,644
'0:1:5.5,642
'0:1:5.55,643
'0:1:5.6,646
'0:1:5.65,650
'0:1:5.7,659
'0:1:5.75,671
'0:1:5.8,688
'0:1:5.85,705
'0:1:5.9,724
'0:1:5.95,742
'0:1:6.0,762
'0:1:6.05,781
'0:1:6.1,803
'0:1:6.15,822
'0:1:6.2,843
'0:1:6.25,862
'0:1:6.3,880
'0:1:6.35,896
'0:1:6.4,909
'0:1:6.45,913
'0:1:6.5,916
'0:1:6.55,924
'0:1:6.6,938
'0:1:6.65,952
'0:1:6.7,965
'0:1:6.75,975
'0:1:6.8,985
'0:1:6.85,992
'0:1:6.9,998
'0:1:6.95,1005
'0:1:7.0,1013
'0:1:7.05,1022
'0:1:7.1,1031
'0:1:7.15,1041
'0:1:7.2,1050
'0:1:7.25,1059
'0:1:7.3,1069
'0:1:7.35,1076
'0:1:7.4,1083
'0:1:7.45,1086
'0:1:7.5,1081
'0:1:7.55,1072
'0:1:7.6,1068
'0:1:7.65,1071
'0:1:7.7,1078
'0:1:7.75,1085
'0:1:7.8,1090
'0:1:7.85,1093
'0:1:7.9,1092
'0:1:7.95,1087
'0:1:8.0,1078
'0:1:8.05,1069
'0:1:8.1,1061
'0:1:8.15,1055
'0:1:8.2,1047
'0:1:8.25,1040
'0:1:8.3,1031
'0:1:8.35,1018
'0:1:8.4,1000
'0:1:8.45,985
'0:1:8.5,970
'0:1:8.55,948
'0:1:8.6,919
'0:1:8.65,898
'0:1:8.7,884
'0:1:8.75,876
'0:1:8.8,870
'0:1:8.85,860
'0:1:8.9,848
'0:1:8.95,839
'0:1:9.0,829
'0:1:9.05,820
'0:1:9.1,809
'0:1:9.15,799
'0:1:9.2,791
'0:1:9.25,784
'0:1:9.3,777
'0:1:9.35,769
'0:1:9.4,761
'0:1:9.45,753
'0:1:9.5,745
'0:1:9.55,735
'0:1:9.6,719
'0:1:9.65,707
'0:1:9.7,700
'0:1:9.75,697
'0:1:9.8,695
'0:1:9.85,694
'0:1:9.9,691
'0:1:9.95,690
'0:1:10.0,688
'0:1:10.05,687
'0:1:10.1,686
'0:1:10.15,686
'0:1:10.2,688
'0:1:10.25,692
'0:1:10.3,695
'0:1:10.35,700
'0:1:10.4,709
'0:1:10.45,721
'0:1:10.5,737
'0:1:10.55,754
'0:1:10.6,770
'0:1:10.65,778
'0:1:10.7,788
'0:1:10.75,801
'0:1:10.8,821
'0:1:10.85,841
'0:1:10.9,860
'0:1:10.95,875
'0:1:11.0,893
'0:1:11.05,907
'0:1:11.1,922
'0:1:11.15,935
'0:1:11.2,948
'0:1:11.25,960
'0:1:11.3,972
'0:1:11.35,984
'0:1:11.4,998
'0:1:11.45,1011
'0:1:11.5,1022
'0:1:11.55,1029
'0:1:11.6,1036
'0:1:11.65,1037
'0:1:11.7,1034
'0:1:11.75,1033
'0:1:11.8,1039
'0:1:11.85,1050
'0:1:11.9,1061
'0:1:11.95,1066
'0:1:12.0,1070
'0:1:12.05,1074
'0:1:12.1,1081
'0:1:12.15,1090
'0:1:12.2,1103
'0:1:12.25,1113
'0:1:12.3,1121
'0:1:12.35,1129
'0:1:12.4,1138
'0:1:12.45,1144
'0:1:12.5,1148
'0:1:12.55,1147
'0:1:12.6,1137
'0:1:12.65,1117
'0:1:12.7,1089
'0:1:12.75,1067
'0:1:12.8,1049
'0:1:12.85,1037
'0:1:12.9,1027
'0:1:12.95,1016
'0:1:13.0,1004
'0:1:13.05,993
'0:1:13.1,980
'0:1:13.15,969
'0:1:13.2,957
'0:1:13.25,947
'0:1:13.3,938
'0:1:13.35,928
'0:1:13.4,916
'0:1:13.45,904
'0:1:13.5,891
'0:1:13.55,880
'0:1:13.6,871
'0:1:13.65,854
'0:1:13.7,831
'0:1:13.75,816
'0:1:13.8,806
'0:1:13.85,801
'0:1:13.9,798
'0:1:13.95,795
'0:1:14.0,791
'0:1:14.05,784
'0:1:14.1,776
'0:1:14.15,770
'0:1:14.2,762
'0:1:14.25,755
'0:1:14.3,748
'0:1:14.35,743
'0:1:14.4,737
'0:1:14.45,735
'0:1:14.5,732
'0:1:14.55,726
'0:1:14.6,719
'0:1:14.65,711
'0:1:14.7,696
'0:1:14.75,684
'0:1:14.8,677
'0:1:14.85,674
'0:1:14.9,675
'0:1:14.95,676
'0:1:15.0,676
'0:1:15.05,676
'0:1:15.1,676
'0:1:15.15,676
'0:1:15.2,674
'0:1:15.25,673
'0:1:15.3,672
'0:1:15.35,674
'0:1:15.4,681
'0:1:15.45,693
'0:1:15.5,711
'0:1:15.55,731
'0:1:15.6,751
'0:1:15.65,769
'0:1:15.7,789
'0:1:15.75,801
'0:1:15.8,807
'0:1:15.85,816
'0:1:15.9,832
'0:1:15.95,850
'0:1:16.0,870
'0:1:16.05,885
'0:1:16.1,899
'0:1:16.15,913
'0:1:16.2,927
'0:1:16.25,939
'0:1:16.3,953
'0:1:16.35,965
'0:1:16.4,976
'0:1:16.45,983
'0:1:16.5,988
'0:1:16.55,996
'0:1:16.6,1008
'0:1:16.65,1018
'0:1:16.7,1026
'0:1:16.75,1030
'0:1:16.8,1028
'0:1:16.85,1019
'0:1:16.9,1013
'0:1:16.95,1013
'0:1:17.0,1018
'0:1:17.05,1025
'0:1:17.1,1030
'0:1:17.15,1035
'0:1:17.2,1042
'0:1:17.25,1049
'0:1:17.3,1057
'0:1:17.35,1064
'0:1:17.4,1072
'0:1:17.45,1080
'0:1:17.5,1091
'0:1:17.55,1101
'0:1:17.6,1109
'0:1:17.65,1112
'0:1:17.7,1109
'0:1:17.75,1102
'0:1:17.8,1089
'0:1:17.85,1070
'0:1:17.9,1042
'0:1:17.95,1020
'0:1:18.0,1005
'0:1:18.05,994
'0:1:18.1,986
'0:1:18.15,979
'0:1:18.2,971
'0:1:18.25,962
'0:1:18.3,949
'0:1:18.35,935
'0:1:18.4,921
'0:1:18.45,911
'0:1:18.5,900
'0:1:18.55,889
'0:1:18.6,879
'0:1:18.65,869
'0:1:18.7,859
'0:1:18.75,849
'0:1:18.8,840
'0:1:18.85,832
'0:1:18.9,817
'0:1:18.95,796
'0:1:19.0,776
'0:1:19.05,766
'0:1:19.1,761
'0:1:19.15,759
'0:1:19.2,757
'0:1:19.25,754
'0:1:19.3,753
'0:1:19.35,751
'0:1:19.4,748
'0:1:19.45,745
'0:1:19.5,740
'0:1:19.55,735
'0:1:19.6,729
'0:1:19.65,724
'0:1:19.7,720
'0:1:19.75,717
'0:1:19.8,713
'0:1:19.85,709
'0:1:19.9,705
'0:1:19.95,699
'0:1:20.0,685
'0:1:20.05,673
'0:1:20.1,666
'0:1:20.15,664
'0:1:20.2,666
'0:1:20.25,669
'0:1:20.3,672
'0:1:20.35,674
'0:1:20.4,677
'0:1:20.45,682
'0:1:20.5,693
'0:1:20.55,707
'0:1:20.6,726
'0:1:20.65,744
'0:1:20.7,766
'0:1:20.75,787
'0:1:20.8,813
'0:1:20.85,835
'0:1:20.9,858
'0:1:20.95,878
'0:1:21.0,892
'0:1:21.05,895
'0:1:21.1,899
'0:1:21.15,906
'0:1:21.2,914
'0:1:21.25,925
'0:1:21.3,938
'0:1:21.35,949
'0:1:21.4,960
'0:1:21.45,969
'0:1:21.5,979
'0:1:21.55,991
'0:1:21.6,1003
'0:1:21.65,1012
'0:1:21.7,1022
'0:1:21.75,1031
'0:1:21.8,1039
'0:1:21.85,1044
'0:1:21.9,1048
'0:1:21.95,1051
'0:1:22.0,1054
'0:1:22.05,1052
'0:1:22.1,1051
'0:1:22.15,1061
'0:1:22.2,1077
'0:1:22.25,1091
'0:1:22.3,1104
'0:1:22.35,1110
'0:1:22.4,1112
'0:1:22.45,1107
'0:1:22.5,1096
'0:1:22.55,1085
'0:1:22.6,1075
'0:1:22.65,1067
'0:1:22.7,1057
'0:1:22.75,1047
'0:1:22.8,1037
'0:1:22.85,1027
'0:1:22.9,1012
'0:1:22.95,997
'0:1:23.0,975
'0:1:23.05,948
'0:1:23.1,917
'0:1:23.15,898
'0:1:23.2,883
'0:1:23.25,874
'0:1:23.3,866
'0:1:23.35,857
'0:1:23.4,849
'0:1:23.45,841
'0:1:23.5,833
'0:1:23.55,827
'0:1:23.6,820
'0:1:23.65,814
'0:1:23.7,806
'0:1:23.75,799
'0:1:23.8,792
'0:1:23.85,787
'0:1:23.9,782
'0:1:23.95,774
'0:1:24.0,767
'0:1:24.05,760
'0:1:24.1,743
'0:1:24.15,728
'0:1:24.2,718
'0:1:24.25,716
'0:1:24.3,718
'0:1:24.35,719
'0:1:24.4,718
'0:1:24.45,716
'0:1:24.5,713
'0:1:24.55,710
'0:1:24.6,706
'0:1:24.65,703
'0:1:24.7,699
'0:1:24.75,697
'0:1:24.8,695
'0:1:24.85,693
'0:1:24.9,691
'0:1:24.95,688
'0:1:25.0,685
'0:1:25.05,683
'0:1:25.1,679
'0:1:25.15,668
'0:1:25.2,658
'0:1:25.25,656
'0:1:25.3,663
'0:1:25.35,679
'0:1:25.4,698
'0:1:25.45,717
'0:1:25.5,739
'0:1:25.55,760
'0:1:25.6,782
'0:1:25.65,803
'0:1:25.7,826
'0:1:25.75,848
'0:1:25.8,868
'0:1:25.85,885
'0:1:25.9,903
'0:1:25.95,917
'0:1:26.0,933
'0:1:26.05,948
'0:1:26.1,962
'0:1:26.15,968
'0:1:26.2,968
'0:1:26.25,969
'0:1:26.3,975
'0:1:26.35,982
'0:1:26.4,986
'0:1:26.45,982
'0:1:26.5,983
'0:1:26.55,993
'0:1:26.6,1002
'0:1:26.65,1011
'0:1:26.7,1022
'0:1:26.75,1032
'0:1:26.8,1044
'0:1:26.85,1055
'0:1:26.9,1065
'0:1:26.95,1076
'0:1:27.0,1088
'0:1:27.05,1097
'0:1:27.1,1104
'0:1:27.15,1104
'0:1:27.2,1094
'0:1:27.25,1075
'0:1:27.3,1052
'0:1:27.35,1034
'0:1:27.4,1017
'0:1:27.45,1002
'0:1:27.5,985
'0:1:27.55,974
'0:1:27.6,959
'0:1:27.65,943
'0:1:27.7,930
'0:1:27.75,922
'0:1:27.8,913
'0:1:27.85,904
'0:1:27.9,896
'0:1:27.95,889
'0:1:28.0,878
'0:1:28.05,867
'0:1:28.1,855
'0:1:28.15,845
'0:1:28.2,832
'0:1:28.25,811
'0:1:28.3,792
'0:1:28.35,784
'0:1:28.4,782
'0:1:28.45,782
'0:1:28.5,781
'0:1:28.55,777
'0:1:28.6,772
'0:1:28.65,766
'0:1:28.7,759
'0:1:28.75,751
'0:1:28.8,743
'0:1:28.85,739
'0:1:28.9,735
'0:1:28.95,730
'0:1:29.0,727
'0:1:29.05,724
'0:1:29.1,720
'0:1:29.15,715
'0:1:29.2,710
'0:1:29.25,703
'0:1:29.3,688
'0:1:29.35,677
'0:1:29.4,674
'0:1:29.45,676
'0:1:29.5,681
'0:1:29.55,684
'0:1:29.6,687
'0:1:29.65,688
'0:1:29.7,689
'0:1:29.75,690
'0:1:29.8,689
'0:1:29.85,691
'0:1:29.9,695
'0:1:29.95,702
'0:1:30.0,716
'0:1:30.05,731
'0:1:30.1,749
'0:1:30.15,767
'0:1:30.2,785
'0:1:30.25,800
'0:1:30.3,810
'0:1:30.35,809
'0:1:30.4,808
'0:1:30.45,817
'0:1:30.5,835
'0:1:30.55,855
'0:1:30.6,870
'0:1:30.65,882
'0:1:30.7,897
'0:1:30.75,909
'0:1:30.8,922
'0:1:30.85,934
'0:1:30.9,947
'0:1:30.95,961
'0:1:31.0,979
'0:1:31.05,999
'0:1:31.1,1016
'0:1:31.15,1027
'0:1:31.2,1036
'0:1:31.25,1044
'0:1:31.3,1049
'0:1:31.35,1050
'0:1:31.4,1046
'0:1:31.45,1042
'0:1:31.5,1044
'0:1:31.55,1051
'0:1:31.6,1061
'0:1:31.65,1069
'0:1:31.7,1076
'0:1:31.75,1084
'0:1:31.8,1087
'0:1:31.85,1084
'0:1:31.9,1074
'0:1:31.95,1062
'0:1:32.0,1049
'0:1:32.05,1038
'0:1:32.1,1026
'0:1:32.15,1014
'0:1:32.2,999
'0:1:32.25,983
'0:1:32.3,966
'0:1:32.35,950
'0:1:32.4,928
'0:1:32.45,901
'0:1:32.5,877
'0:1:32.55,863
'0:1:32.6,855
'0:1:32.65,851
'0:1:32.7,844
'0:1:32.75,838
'0:1:32.8,831
'0:1:32.85,825
'0:1:32.9,821
'0:1:32.95,819
'0:1:33.0,815
'0:1:33.05,811
'0:1:33.1,805
'0:1:33.15,799
'0:1:33.2,791
'0:1:33.25,783
'0:1:33.3,775
'0:1:33.35,771
'0:1:33.4,767
'0:1:33.45,754
'0:1:33.5,734
'0:1:33.55,722
'0:1:33.6,715
'0:1:33.65,714
'0:1:33.7,714
'0:1:33.75,713
'0:1:33.8,710
'0:1:33.85,706
'0:1:33.9,702
'0:1:33.95,699
'0:1:34.0,695
'0:1:34.05,692
'0:1:34.1,689
'0:1:34.15,687
'0:1:34.2,684
'0:1:34.25,682
'0:1:34.3,681
'0:1:34.35,679
'0:1:34.4,681
'0:1:34.45,686
'0:1:34.5,688
'0:1:34.55,691
'0:1:34.6,703
'0:1:34.65,722
'0:1:34.7,747
'0:1:34.75,768
'0:1:34.8,790
'0:1:34.85,811
'0:1:34.9,830
'0:1:34.95,845
'0:1:35.0,860
'0:1:35.05,873
'0:1:35.1,887
'0:1:35.15,900
'0:1:35.2,915
'0:1:35.25,930
'0:1:35.3,945
'0:1:35.35,958
'0:1:35.4,971
'0:1:35.45,981
'0:1:35.5,982
'0:1:35.55,978
'0:1:35.6,978
'0:1:35.65,985
'0:1:35.7,998
'0:1:35.75,1010
'0:1:35.8,1019
'0:1:35.85,1028
'0:1:35.9,1038
'0:1:35.95,1045
'0:1:36.0,1054
'0:1:36.05,1062
'0:1:36.1,1074
'0:1:36.15,1085
'0:1:36.2,1096
'0:1:36.25,1105
'0:1:36.3,1113
'0:1:36.35,1115
'0:1:36.4,1109
'0:1:36.45,1095
'0:1:36.5,1074
'0:1:36.55,1058
'0:1:36.6,1049
'0:1:36.65,1043
'0:1:36.7,1040
'0:1:36.75,1038
'0:1:36.8,1029
'0:1:36.85,1018
'0:1:36.9,1005
'0:1:36.95,996
'0:1:37.0,988
'0:1:37.05,979
'0:1:37.1,973
'0:1:37.15,971
'0:1:37.2,970
'0:1:37.25,965
'0:1:37.3,954
'0:1:37.35,940
'0:1:37.4,924
'0:1:37.45,908
'0:1:37.5,886
'0:1:37.55,865
'0:1:37.6,849
'0:1:37.65,837
'0:1:37.7,826
'0:1:37.75,818
'0:1:37.8,811
'0:1:37.85,805
'0:1:37.9,795
'0:1:37.95,785
'0:1:38.0,775
'0:1:38.05,768
'0:1:38.1,761
'0:1:38.15,754
'0:1:38.2,748
'0:1:38.25,745
'0:1:38.3,740
'0:1:38.35,733
'0:1:38.4,725
'0:1:38.45,716
'0:1:38.5,699
'0:1:38.55,683
'0:1:38.6,672
'0:1:38.65,667
'0:1:38.7,665
'0:1:38.75,664
'0:1:38.8,664
'0:1:38.85,663
'0:1:38.9,663
'0:1:38.95,665
'0:1:39.0,671
'0:1:39.05,682
'0:1:39.1,699
'0:1:39.15,716
'0:1:39.2,734
'0:1:39.25,750
'0:1:39.3,768
'0:1:39.35,785
'0:1:39.4,803
'0:1:39.45,818
'0:1:39.5,830
'0:1:39.55,835
'0:1:39.6,842
'0:1:39.65,853
'0:1:39.7,870
'0:1:39.75,890
'0:1:39.8,908
'0:1:39.85,921
'0:1:39.9,935
'0:1:39.95,948
'0:1:40.0,964
'0:1:40.05,978
'0:1:40.1,992
'0:1:40.15,1005
'0:1:40.2,1019
'0:1:40.25,1031
'0:1:40.3,1044
'0:1:40.35,1056
'0:1:40.4,1066
'0:1:40.45,1074
'0:1:40.5,1082
'0:1:40.55,1083
'0:1:40.6,1076
'0:1:40.65,1072
'0:1:40.7,1076
'0:1:40.75,1086
'0:1:40.8,1100
'0:1:40.85,1110
'0:1:40.9,1119
'0:1:40.95,1130
'0:1:41.0,1139
'0:1:41.05,1143
'0:1:41.1,1144
'0:1:41.15,1138
'0:1:41.2,1127
'0:1:41.25,1118
'0:1:41.3,1114
'0:1:41.35,1114
'0:1:41.4,1114
'0:1:41.45,1107
'0:1:41.5,1093
'0:1:41.55,1077
'0:1:41.6,1053
'0:1:41.65,1026
'0:1:41.7,1002
'0:1:41.75,984
'0:1:41.8,973
'0:1:41.85,967
'0:1:41.9,957
'0:1:41.95,951
'0:1:42.0,951
'0:1:42.05,956
'0:1:42.1,958
'0:1:42.15,952
'0:1:42.2,942
'0:1:42.25,934
'0:1:42.3,931
'0:1:42.35,932
'0:1:42.4,931
'0:1:42.45,923
'0:1:42.5,911
'0:1:42.55,899
'0:1:42.6,883
'0:1:42.65,861
'0:1:42.7,837
'0:1:42.75,820
'0:1:42.8,803
'0:1:42.85,793
'0:1:42.9,786
'0:1:42.95,778
'0:1:43.0,768
'0:1:43.05,759
'0:1:43.1,748
'0:1:43.15,740
'0:1:43.2,730
'0:1:43.25,723
'0:1:43.3,715
'0:1:43.35,710
'0:1:43.4,710
'0:1:43.45,718
'0:1:43.5,730
'0:1:43.55,742
'0:1:43.6,757
'0:1:43.65,771
'0:1:43.7,781
'0:1:43.75,782
'0:1:43.8,786
'0:1:43.85,796
'0:1:43.9,813
'0:1:43.95,833
'0:1:44.0,852
'0:1:44.05,867
'0:1:44.1,885
'0:1:44.15,899
'0:1:44.2,913
'0:1:44.25,927
'0:1:44.3,944
'0:1:44.35,959
'0:1:44.4,976
'0:1:44.45,992
'0:1:44.5,1006
'0:1:44.55,1018
'0:1:44.6,1028
'0:1:44.65,1035
'0:1:44.7,1041
'0:1:44.75,1039
'0:1:44.8,1032
'0:1:44.85,1029
'0:1:44.9,1032
'0:1:44.95,1039
'0:1:45.0,1048
'0:1:45.05,1054
'0:1:45.1,1060
'0:1:45.15,1068
'0:1:45.2,1080
'0:1:45.25,1092
'0:1:45.3,1106
'0:1:45.35,1118
'0:1:45.4,1129
'0:1:45.45,1138
'0:1:45.5,1142
'0:1:45.55,1138
'0:1:45.6,1124
'0:1:45.65,1109
'0:1:45.7,1091
'0:1:45.75,1067
'0:1:45.8,1035
'0:1:45.85,1010
'0:1:45.9,990
'0:1:45.95,978
'0:1:46.0,966
'0:1:46.05,953
'0:1:46.1,938
'0:1:46.15,924
'0:1:46.2,910
'0:1:46.25,898
'0:1:46.3,885
'0:1:46.35,873
'0:1:46.4,860
'0:1:46.45,851
'0:1:46.5,844
'0:1:46.55,836
'0:1:46.6,824
'0:1:46.65,813
'0:1:46.7,797
'0:1:46.75,775
'0:1:46.8,754
'0:1:46.85,742
'0:1:46.9,737
'0:1:46.95,736
'0:1:47.0,733
'0:1:47.05,728
'0:1:47.1,722
'0:1:47.15,716
'0:1:47.2,709
'0:1:47.25,703
'0:1:47.3,697
'0:1:47.35,692
'0:1:47.4,687
'0:1:47.45,683
'0:1:47.5,681
'0:1:47.55,677
'0:1:47.6,673
'0:1:47.65,667
'0:1:47.7,659
'0:1:47.75,659
'0:1:47.8,672
'0:1:47.85,693
'0:1:47.9,719
'0:1:47.95,740
'0:1:48.0,761
'0:1:48.05,781
'0:1:48.1,800
'0:1:48.15,816
'0:1:48.2,833
'0:1:48.25,848
'0:1:48.3,865
'0:1:48.35,880
'0:1:48.4,894
'0:1:48.45,905
'0:1:48.5,914
'0:1:48.55,920
'0:1:48.6,926
'0:1:48.65,926
'0:1:48.7,923
'0:1:48.75,924
'0:1:48.8,932
'0:1:48.85,944
'0:1:48.9,955
'0:1:48.95,960
'0:1:49.0,965
'0:1:49.05,970
'0:1:49.1,978
'0:1:49.15,987
'0:1:49.2,998
'0:1:49.25,1008
'0:1:49.3,1021
'0:1:49.35,1034
'0:1:49.4,1047
'0:1:49.45,1057
'0:1:49.5,1069
'0:1:49.55,1076
'0:1:49.6,1075
'0:1:49.65,1072
'0:1:49.7,1072
'0:1:49.75,1075
'0:1:49.8,1084
'0:1:49.85,1092
'0:1:49.9,1090
'0:1:49.95,1081
'0:1:50.0,1069
'0:1:50.05,1058
'0:1:50.1,1046
'0:1:50.15,1032
'0:1:50.2,1019
'0:1:50.25,1008
'0:1:50.3,996
'0:1:50.35,986
'0:1:50.4,974
'0:1:50.45,962
'0:1:50.5,949
'0:1:50.55,932
'0:1:50.6,906
'0:1:50.65,889
'0:1:50.7,876
'0:1:50.75,868
'0:1:50.8,864
'0:1:50.85,859
'0:1:50.9,852
'0:1:50.95,846
'0:1:51.0,838
'0:1:51.05,832
'0:1:51.1,826
'0:1:51.15,821
'0:1:51.2,815
'0:1:51.25,808
'0:1:51.3,802
'0:1:51.35,797
'0:1:51.4,789
'0:1:51.45,779
'0:1:51.5,771
'0:1:51.55,757
'0:1:51.6,735
'0:1:51.65,719
'0:1:51.7,708
'0:1:51.75,704
'0:1:51.8,702
'0:1:51.85,700
'0:1:51.9,697
'0:1:51.95,694
'0:1:52.0,691
'0:1:52.05,689
'0:1:52.1,686
'0:1:52.15,683
'0:1:52.2,683
'0:1:52.25,688
'0:1:52.3,701
'0:1:52.35,719
'0:1:52.4,738
'0:1:52.45,754
'0:1:52.5,773
'0:1:52.55,782
'0:1:52.6,784
'0:1:52.65,790
'0:1:52.7,802
'0:1:52.75,819
'0:1:52.8,837
'0:1:52.85,850
'0:1:52.9,864
'0:1:52.95,876
'0:1:53.0,887
'0:1:53.05,899
'0:1:53.1,914
'0:1:53.15,928
'0:1:53.2,941
'0:1:53.25,953
'0:1:53.3,965
'0:1:53.35,976
'0:1:53.4,986
'0:1:53.45,994
'0:1:53.5,1001
'0:1:53.55,1003
'0:1:53.6,997
'0:1:53.65,995
'0:1:53.7,999
'0:1:53.75,1008
'0:1:53.8,1021
'0:1:53.85,1031
'0:1:53.9,1039
'0:1:53.95,1045
'0:1:54.0,1051
'0:1:54.05,1058
'0:1:54.1,1069
'0:1:54.15,1082
'0:1:54.2,1095
'0:1:54.25,1106
'0:1:54.3,1119
'0:1:54.35,1130
'0:1:54.4,1138
'0:1:54.45,1140
'0:1:54.5,1131
'0:1:54.55,1109
'0:1:54.6,1079
'0:1:54.65,1053
'0:1:54.7,1030
'0:1:54.75,1017
'0:1:54.8,1009
'0:1:54.85,999
'0:1:54.9,988
'0:1:54.95,977
'0:1:55.0,963
'0:1:55.05,952
'0:1:55.1,938
'0:1:55.15,927
'0:1:55.2,917
'0:1:55.25,910
'0:1:55.3,902
'0:1:55.35,894
'0:1:55.4,883
'0:1:55.45,873
'0:1:55.5,859
'0:1:55.55,837
'0:1:55.6,816
'0:1:55.65,804
'0:1:55.7,799
'0:1:55.75,798
'0:1:55.8,794
'0:1:55.85,789
'0:1:55.9,784
'0:1:55.95,778
'0:1:56.0,771
'0:1:56.05,764
'0:1:56.1,757
'0:1:56.15,750
'0:1:56.2,743
'0:1:56.25,738
'0:1:56.3,733
'0:1:56.35,725
'0:1:56.4,717
'0:1:56.45,709
'0:1:56.5,694
'0:1:56.55,678
'0:1:56.6,667
'0:1:56.65,663
'0:1:56.7,663
'0:1:56.75,663
'0:1:56.8,663
'0:1:56.85,663
'0:1:56.9,664
'0:1:56.95,664
'0:1:57.0,669
'0:1:57.05,679
'0:1:57.1,695
'0:1:57.15,713
'0:1:57.2,733
'0:1:57.25,751
'0:1:57.3,770
'0:1:57.35,787
'0:1:57.4,803
'0:1:57.45,809
'0:1:57.5,810
'0:1:57.55,818
'0:1:57.6,831
'0:1:57.65,848
'0:1:57.7,865
'0:1:57.75,877
'0:1:57.8,891
'0:1:57.85,903
'0:1:57.9,916
'0:1:57.95,929
'0:1:58.0,943
'0:1:58.05,957
'0:1:58.1,970
'0:1:58.15,982
'0:1:58.2,994
'0:1:58.25,1004
'0:1:58.3,1014
'0:1:58.35,1023
'0:1:58.4,1028
'0:1:58.45,1027
'0:1:58.5,1026
'0:1:58.55,1029
'0:1:58.6,1036
'0:1:58.65,1043
'0:1:58.7,1049
'0:1:58.75,1055
'0:1:58.8,1059
'0:1:58.85,1058
'0:1:58.9,1049
'0:1:58.95,1037
'0:1:59.0,1024
'0:1:59.05,1014
'0:1:59.1,1003
'0:1:59.15,994
'0:1:59.2,983
'0:1:59.25,967
'0:1:59.3,951
'0:1:59.35,934
'0:1:59.4,906
'0:1:59.45,882
'0:1:59.5,864
'0:1:59.55,854
'0:1:59.6,849
'0:1:59.65,844
'0:1:59.7,838
'0:1:59.75,832
'0:1:59.8,825
'0:1:59.85,820
'0:1:59.9,814
'0:1:59.95,807
'0:1:60.0,800